{
"width": 4928, "height": 3264,
"format": "jpg",
"type":"hsh",
"colorspace":"rgb",
"lights": [0.063, 0.453, 0.889, 0.400, 0.307, 0.863, 0.502, -0.023, 0.864, 0.338, -0.375, 0.863, 0.030, -0.490, 0.871, -0.320, -0.359, 0.877, -0.443, -0.024, 0.896, -0.265, 0.342, 0.901, 0.298, 0.504, 0.811, 0.629, 0.192, 0.753, 0.561, -0.260, 0.786, 0.252, -0.559, 0.790, -0.235, -0.569, 0.788, -0.555, -0.247, 0.794, -0.510, 0.248, 0.824, -0.148, 0.566, 0.811, 0.053, 0.699, 0.713, 0.562, 0.464, 0.685, 0.744, -0.030, 0.667, 0.489, -0.533, 0.690, -0.025, -0.727, 0.686, -0.501, -0.519, 0.693, -0.727, -0.009, 0.687, -0.443, 0.533, 0.721, 0.370, 0.701, 0.610, 0.782, 0.249, 0.572, 0.758, -0.319, 0.568, 0.333, -0.733, 0.593, -0.316, -0.747, 0.585, -0.751, -0.324, 0.575, -0.749, 0.305, 0.588, -0.257, 0.751, 0.608, 0.052, 0.860, 0.508, 0.656, 0.568, 0.498, 0.889, -0.019, 0.458, 0.598, -0.639, 0.484, -0.017, -0.889, 0.458, -0.632, -0.620, 0.465, -0.896, -0.015, 0.444, -0.566, 0.659, 0.495, 0.392, 0.826, 0.405, 0.874, 0.295, 0.387, 0.875, -0.356, 0.327, 0.355, -0.858, 0.371, -0.372, -0.860, 0.348, -0.867, -0.363, 0.342, -0.859, 0.354, 0.369, -0.319, 0.858, 0.403],
"nplanes": 27,
"quality": 95,
"materials": [
{
 "scale": [1.40989,0.960384,1.00356,0.891786,0.898127,0.931193,1.37922,1.35572,1.35568,0.730317,0.738298,0.758178,0.414031,0.434046,0.441517,0.619712,0.648899,0.683976,0.893189,0.916785,0.906831,0.669883,0.703873,0.749913,0.417248,0.419202,0.423891],
 "bias": [-0.081402,-0.140955,-0.0640096,0.472176,0.485129,0.487063,0.0795368,0.0704404,0.0640275,0.529636,0.514914,0.504561,0.583457,0.580119,0.56081,0.464866,0.463892,0.451983,0.701291,0.696885,0.681003,0.460913,0.462825,0.462305,0.508449,0.533606,0.559469] }
]
}
